count,diagnosis,group_name,subgroup_name,male_count,female_count,age_mean,age_range,age_minimum,age_maximum,age_median,pmcid,rank,start_char,end_char
23.0,healthy,patients,MRI,11.0,12.0,24.2,18-31,18.0,31.0,24.0,4436102,,11102,11949
45.0,healthy,patients,participants,18.0,27.0,24.49,24-27,24.0,27.0,25.0,5428836,,26550,27302
15.0,healthy,patients,adult volunteers,5.0,10.0,31.69,22-54,22.0,54.0,31.0,7981326,,9579,10553
16.0,,healthy,subjects,9.0,7.0,1835.0,1835,1835.0,1835.0,1835.0,3183226,,28053,28467
15.0,healthy,patients,undergraduate students,10.0,5.0,20.5,20-22 years,20.0,22.0,21.0,6989437,,9041,9577
2.0,excluded,patients,participants,1.0,1.0,21.0,21-21 years,21.0,21.0,21.0,6989437,,9041,9577
20.0,,healthy,right-handed,10.0,10.0,31.5,25-35,25.0,35.0,30.0,6726765,,7719,8450
18.0,,healthy,right-handed,9.0,9.0,30.3,25-35,25.0,35.0,30.0,6726765,,7719,8450
12.0,healthy,patients,first experiment,6.0,6.0,26.0,23-39,23.0,39.0,26.0,3422286,,8558,9073
14.0,healthy,patients,second experiment,7.0,7.0,23.0,24-30,24.0,30.0,23.0,3422286,,8558,9073
17.0,healthy,patients,right-handed,8.0,9.0,22.21,19-24,19.0,24.0,22.0,6195265,,13097,13950
15.0,healthy,patients,right-handed,8.0,7.0,22.21,19-24,19.0,24.0,22.0,6195265,,13097,13950
23.0,healthy,patients,participants,18.0,5.0,22.2,18-25,18.0,25.0,22.0,4330553,,10707,11145
10.0,depression,patients,participants,5.0,5.0,30.5,25-35,25.0,35.0,30.0,4330553,,10707,11145
15.0,anxiety,patients,participants,8.0,7.0,28.7,20-30,20.0,30.0,28.0,4330553,,10707,11145
40.0,,healthy,volunteers,32.0,8.0,20.5,18-28,18.0,28.0,20.0,3605341,,12059,12659
20.0,,healthy,participants,9.0,11.0,23.0,18-27,18.0,27.0,23.0,7339141,,6763,7761
20.0,,healthy,undergraduate and postgraduate students,10.0,10.0,22.3,19-25,19.0,25.0,22.0,7002496,,9427,10109
18.0,,healthy,participants,9.0,9.0,26.0,20-32,20.0,32.0,26.0,4318429,,6580,6988
40.0,healthy,patients,right-handed,20.0,20.0,20.0,18-23 yrs,18.0,23.0,20.0,4370584,,11424,11801
70.0,healthy,patients,adolescents,25.0,45.0,13.5,12-14,12.0,14.0,14.0,7057279,,6753,7414
11.0,,healthy,participants,8.0,3.0,33.1,25-47,25.0,47.0,33.0,6328158,,9509,10064
22.0,healthy,patients,Experiment 1,17.0,5.0,25.5,19-41,19.0,41.0,24.0,4349631,,5763,6450
16.0,healthy,patients,Experiment 2,11.0,5.0,22.5,20-59,20.0,59.0,21.0,4349631,,5763,6450
51.0,healthy,patients,study1,10.0,41.0,43.71,27.49-55.91,27.0,55.0,43.0,6664004,,9809,11672
53.0,healthy,patients,study2,25.0,28.0,13.37,12.18-14.82,12.0,15.0,13.0,6664004,,9809,11672
51.0,healthy,patients,study3,25.0,26.0,13.98,12.03-15.94,12.0,16.0,14.0,6664004,,9809,11672
12.0,healthy,patients,male,12.0,0.0,31.0,18-55,18.0,55.0,31.0,3258233,,6311,6921
33.0,healthy,patients,participants,18.0,15.0,25.24,20-30,20.0,30.0,25.0,7156375,,46685,47319
15.0,healthy,patients,MRI,8.0,7.0,25.0,20-30,20.0,30.0,25.0,2390848,,22735,23247
23.0,healthy,patients,behavioral experiment,4.0,19.0,27.69,24-31,24.0,31.0,27.0,2144768,,59146,59841
18.0,healthy,patients,fMRI experiments,9.0,9.0,23.67,19-35,19.0,35.0,23.0,2144768,,59146,59841
14.0,healthy,patients,healthy,5.0,9.0,27.5,27-7,27.0,7.0,27.0,6198067,,8869,9939
11.0,healthy,patients,healthy,7.0,4.0,28.5,28-7,28.0,7.0,28.0,6198067,,8869,9939
23.0,community-dwelling young men,patients,young men,23.0,0.0,29.96,29.96.9,29.0,30.0,30.0,9548384,,4925,6082
17.0,,healthy,participants,5.0,12.0,24.0,18-31,18.0,31.0,24.0,5902547,,15536,16064
15.0,healthy,patients,male,15.0,0.0,22.33,20-25,20.0,25.0,22.0,4838249,,6364,7265
43.0,,healthy,fMRI,10.0,21.0,24.3,20-29,20.0,29.0,24.0,6847157,,10334,11086
31.0,,healthy,fMRI,10.0,21.0,24.3,20-29,20.0,29.0,24.0,6847157,,10334,11086
3.0,,healthy,fMRI,,,,0-0,,,,6847157,,10334,11086
29.0,healthy,patients,participants,15.0,14.0,34.5,22-56,22.0,56.0,33.0,6868994,,7334,7745
1418.0,healthy,patients,young,546.0,872.0,22.39,18-35,18.0,35.0,22.0,9564100,,24189,25345
19.0,healthy,patients,MRI,12.0,7.0,27.9,20-35,20.0,35.0,27.0,7456884,,7752,8584
8.0,excluded,patients,MRI,5.0,3.0,28.5,22-36,22.0,36.0,28.0,7456884,,7752,8584
2.0,co-authors,patients,MRI,1.0,1.0,30.0,29-31,29.0,31.0,30.0,7456884,,7752,8584
31.0,normal,patients,participants,16.0,15.0,20.0,18-22,18.0,22.0,20.0,3539852,,18645,19836
24.0,healthy,patients,Study 1,0.0,24.0,24.0,20-30,20.0,30.0,24.0,3965851,,13949,14774
18.0,healthy,patients,Study 2,0.0,18.0,24.0,20-30,20.0,30.0,24.0,3965851,,13949,14774
13.0,,healthy,DCG,5.0,8.0,23.1,20-26,20.0,26.0,23.0,4034409,,13409,14663
13.0,,healthy,TCG,4.0,9.0,23.5,21-28,21.0,28.0,23.0,4034409,,13409,14663
42.0,healthy,patients,male,42.0,0.0,23.86,19-32,19.0,32.0,24.0,4380440,,10534,11508
12.0,,healthy,right-handed adults,6.0,6.0,25.4,20-40,20.0,40.0,25.0,2151069,,9653,9985
10.0,healthy,patients,right-handed,7.0,3.0,26.6,26.6 - 2.7,24.0,29.0,27.0,8893203,,8471,9034
1.0,discarded,patients,male,1.0,0.0,,0 - 0,,,,8893203,,8471,9034
34.0,healthy,patients,students,19.0,15.0,21.5,18-25,18.0,25.0,22.0,6908964,,11176,11873
58.0,,healthy,participants,26.0,32.0,24.02,22-26,22.0,26.0,24.0,3492343,,6544,7179
25.0,,healthy,female,0.0,25.0,21.04,1.59 (SD) years,,,21.0,4975394,,6805,7868
46.0,healthy,patients,behavioral study,23.0,23.0,23.65,18-30,18.0,30.0,23.0,3672681,,13846,15500
32.0,healthy,patients,fMRI study,16.0,16.0,23.0,19-30,19.0,30.0,23.0,3672681,,13846,15500
20.0,,healthy,subjects,16.0,4.0,28.0,20-36,20.0,36.0,28.0,4717328,,6158,6634
20.0,healthy,patients,male,20.0,0.0,23.9,18-33,18.0,33.0,23.0,4255751,,5627,6165
48.0,,healthy,enrolled subjects,24.0,24.0,26.4,26.4 4.9,21.0,30.0,26.0,2993660,,19298,19503
36.0,healthy,patients,older-aged participants,16.0,20.0,73.2,56-83,56.0,83.0,73.0,7779563,,11922,13361
18.0,healthy,patients,all,10.0,8.0,25.0,22-29,22.0,29.0,25.0,4493392,,8993,9484
38.0,healthy,patients,childless adults,19.0,19.0,24.08,24-27,24.0,27.0,24.0,7395771,,8721,10120
19.0,healthy,patients,worked with children,10.0,9.0,24.08,24-27,24.0,27.0,24.0,7395771,,8721,10120
19.0,healthy,patients,never worked with children,9.0,10.0,24.08,24-27,24.0,27.0,24.0,7395771,,8721,10120
20.0,healthy,patients,healthy,12.0,8.0,24.4,19-35,19.0,35.0,24.0,3147157,,7853,8437
10.0,healthy,patients,undergraduate and graduate students,4.0,6.0,20.8,20-21,20.0,21.0,20.0,6528067,,11679,12501
33.0,healthy,patients,right-handed,17.0,16.0,25.3,25.3  2.8,22.0,28.0,25.0,3676955,,3877,4423
35.0,healthy,patients,MEG recording,19.0,16.0,26.0,20-30,20.0,30.0,25.0,5447679,,9581,10407
33.0,healthy,patients,final sample,17.0,16.0,26.0,20-30,20.0,30.0,25.0,5447679,,9581,10407
146.0,healthy,patients,FinnBrain Birth Cohort Study,72.0,62.0,5.34,5.08-5.22,5.0,5.0,5.0,9108497,,9500,12550
134.0,healthy,patients,FinnBrain Birth Cohort Study,72.0,62.0,5.34,5.08-5.22,5.0,5.0,5.0,9108497,,9500,12550
74.0,,healthy,adults,37.0,37.0,13.18,13-18,13.0,18.0,13.0,8379626,,7716,9834
67.0,,healthy,adolescents,31.0,36.0,15.6,15-16,15.0,16.0,15.0,8379626,,7716,9834
66.0,,healthy,connectivity,31.0,35.0,15.6,15-16,15.0,16.0,15.0,8379626,,7716,9834
13.0,healthy,patients,galvanic stimulation experiment,7.0,6.0,28.4,19-45,19.0,45.0,28.0,7430162,,7494,8254
20.0,,healthy,ASL students,1.0,19.0,21.4,18-31,18.0,31.0,21.0,6136263,,16503,17874
18.0,none,patients,none,13.0,9.0,26.7,18-60,18.0,60.0,22.0,2775905,,7644,8859
45.0,smokers,patients,smokers,25.0,20.0,35.0,20-50,20.0,50.0,30.0,3511796,,3425,5707
44.0,,healthy,healthy,22.0,22.0,32.0,20-50,20.0,50.0,30.0,3511796,,3425,5707
16.0,healthy,patients,right-handed,10.0,6.0,30.1,18-40,18.0,40.0,30.0,4072722,,12442,12867
110.0,multi-problem young adults,patients,male,110.0,0.0,22.5,18-25,18.0,25.0,22.0,6004505,,7938,9518
25.0,,healthy,male,25.0,0.0,23.5,20-26,20.0,26.0,23.0,6004505,,7938,9518
66.0,drug-nave/free first episode psychosis (FEP),patients,FEP,26.0,5.0,26.64,26.64,26.0,26.0,26.0,8550949,,5892,6567
35.0,,healthy,healthy,26.0,9.0,27.12,27.12,27.0,27.0,27.0,8550949,,5892,6567
16.0,healthy,patients,healthy,8.0,8.0,25.6,22-30,22.0,30.0,25.0,3889700,,16355,17140
47.0,healthy,patients,female,0.0,47.0,19.62,17-23,17.0,23.0,19.0,5548834,,7835,9127
25.0,postpartum,patients,female,0.0,25.0,2.5,2-4 months,2.0,4.0,3.0,7272423,,23741,25117
32.0,,healthy,female,0.0,32.0,2.5,2-4 months,2.0,4.0,3.0,7272423,,23741,25117
61.0,self-identified White male participants,patients,White male participants,61.0,0.0,24.255,18-35,18.0,35.0,24.0,6434022,,30465,32004
19.0,healthy,patients,adult volunteers,10.0,9.0,22.8,19-31,19.0,31.0,22.0,3869649,,5579,6473
18.0,healthy,patients,right-handed,8.0,10.0,22.5,18-25,18.0,25.0,22.0,6344389,,14874,15604
2.0,motion-related artefacts,patients,right-handed,1.0,1.0,22.5,18-25,18.0,25.0,22.0,6344389,,14874,15604
20.0,,healthy,participants,10.0,10.0,30.0,20-40,20.0,40.0,30.0,4477935,,7547,7912
40.0,healthy,patients,older adult participants,24.0,16.0,68.4,68.4 - 5.8,62.0,74.0,68.0,5717028,,6784,7467
272.0,healthy,patients,fMRI data,123.0,149.0,24.4,18-68 years,18.0,68.0,24.0,4115625,,8650,9157
123.0,healthy,patients,fMRI data,123.0,0.0,24.4,18-61 years,18.0,61.0,24.0,4115625,,8650,9157
149.0,healthy,patients,fMRI data,0.0,149.0,24.5,18-68 years,18.0,68.0,24.0,4115625,,8650,9157
20.0,healthy,patients,righthanded,9.0,11.0,26.0,21-31,21.0,31.0,26.0,8837589,,7291,8667
17.0,healthy,patients,righthanded,7.0,10.0,26.0,21-31,21.0,31.0,26.0,8837589,,7291,8667
17.0,healthy,patients,male,17.0,0.0,23.8,20-30,20.0,30.0,23.0,3866656,,9829,10487
10.0,healthy,patients,MRI,7.0,3.0,27.72,22-33,22.0,33.0,27.0,4029023,,7975,8487
1.0,excluded,patients,MRI,1.0,0.0,27.72,22-33,22.0,33.0,27.0,4029023,,7975,8487
22.0,healthy,patients,fMRI,11.0,11.0,23.33,23-46,23.0,46.0,23.0,6215330,,17562,19091
21.0,healthy,patients,EEG,7.0,14.0,25.07,25-65,25.0,65.0,26.0,6215330,,17562,19091
220.0,,healthy,adolescents,115.0,105.0,14.61,14-15,14.0,15.0,14.0,3991323,,7509,9650
28.0,,healthy,adults,17.0,11.0,25.24,20-39,20.0,39.0,25.0,3991323,,7509,9650
10.0,healthy,patients,participants,3.0,7.0,39.8,18-50,18.0,50.0,39.0,2935390,,7096,7923
26.0,healthy,patients,healthy,12.0,14.0,23.04,18-35,18.0,35.0,23.0,6697392,,7141,11005
21.0,healthy,patients,healthy,10.0,11.0,22.5,18-35,18.0,35.0,22.0,6697392,,7141,11005
24.0,healthy,patients,healthy,12.0,12.0,23.0,18-35,18.0,35.0,23.0,6697392,,7141,11005
23.0,healthy,patients,healthy,11.0,12.0,22.5,18-35,18.0,35.0,22.0,6697392,,7141,11005
3.0,healthy,patients,healthy,2.0,1.0,22.5,18-35,18.0,35.0,22.0,6697392,,7141,11005
17.0,healthy,patients,female,0.0,17.0,20.7,18-23,18.0,23.0,20.0,6688454,,12232,14191
25.0,,healthy,participants,8.0,17.0,32.0,23-41,23.0,41.0,31.0,3483694,,28089,30834
113.0,healthy,patients,primary behavioral sample,50.0,63.0,17.11,12.27-21.96,12.0,22.0,17.0,7038454,,6792,9449
104.0,healthy,patients,final neuroimaging sample,47.0,57.0,17.11,12.27-21.96,12.0,22.0,17.0,7038454,,6792,9449
10.0,healthy,patients,MRI,5.0,5.0,29.5,23-43,23.0,43.0,29.0,3407245,,19626,20086
29.0,healthy,patients,IS course,16.0,13.0,23.6,21-33,21.0,33.0,23.0,7989009,,44675,45771
233.0,healthy,patients,fMRI,117.0,116.0,16.1,9.9-26.6,9.0,26.0,16.0,5390693,,6438,8339
21.0,healthy,patients,Exp. 1,12.0,9.0,26.3,22-30,22.0,30.0,26.0,4458841,,45697,46616
22.0,healthy,patients,Exp. 2,7.0,15.0,28.9,25-32,25.0,32.0,29.0,4458841,,45697,46616
21.0,healthy,patients,male,21.0,0.0,25.77,20-40,20.0,40.0,25.0,5776089,,7315,8159
43.0,MDD patients,patients,MDD,13.0,30.0,35.5,20-50,20.0,50.0,35.0,7118554,,8471,10050
56.0,,healthy,HCs,30.0,26.0,32.5,20-50,20.0,50.0,32.0,7118554,,8471,10050
12.0,healthy,patients,gastric emptying,7.0,5.0,38.0,23-60,23.0,60.0,35.0,4075342,,7661,9066
40.0,,healthy,students,21.0,19.0,21.28,18-24,18.0,24.0,21.0,8152834,,7186,8239
39.0,,healthy,students,21.0,18.0,21.33,18-24,18.0,24.0,21.0,8152834,,7186,8239
32.0,healthy,patients,young,16.0,16.0,25.27,25-27,25.0,27.0,26.0,5890144,,7227,8372
1.0,healthy,patients,young,1.0,0.0,25.27,25-27,25.0,27.0,26.0,5890144,,7227,8372
32.0,healthy,patients,young,16.0,16.0,25.27,25-27,25.0,27.0,26.0,5890144,,7227,8372
19.0,obese,patients,women,0.0,19.0,45.0,35-55,35.0,55.0,45.0,5537800,,8516,10261
18.0,lung cancer patients,patients,lung cancer patients,10.0,8.0,60.0,48-70,48.0,70.0,65.0,7275001,,8631,10461
21.0,,healthy,healthy controls,10.0,11.0,55.0,48-70,48.0,70.0,50.0,7275001,,8631,10461
10.0,,healthy,control,5.0,5.0,25.0,20-30,20.0,30.0,25.0,7194032,,42359,42639
15.0,depression,patients,depression,7.0,8.0,30.0,25-35,25.0,35.0,30.0,7194032,,42359,42639
36.0,healthy,patients,German speakers,19.0,17.0,26.45,21-41,21.0,41.0,26.0,3869681,,12247,13506
18.0,healthy,patients,Experiment 1,10.0,8.0,26.3,21-41,21.0,41.0,26.0,3869681,,12247,13506
18.0,healthy,patients,Experiment 2,9.0,9.0,26.6,21-38,21.0,38.0,26.0,3869681,,12247,13506
29.0,,healthy,young adults,10.0,19.0,23.8,19-30,19.0,30.0,24.0,8318202,,8764,10050
32.0,,healthy,older adults,15.0,17.0,71.0,65-81,65.0,81.0,71.0,8318202,,8764,10050
24.0,,healthy,participants,10.0,14.0,34.5,32-37,32.0,37.0,34.0,8699602,,8940,9612
20.0,unipolar major depression,patients,primary study,10.0,10.0,35.0,20-40,20.0,40.0,30.0,5416685,,15035,15652
19.0,unipolar major depression,patients,validation study,9.0,10.0,36.0,21-41,21.0,41.0,31.0,5416685,,15035,15652
19.0,,healthy,primary sample,10.0,9.0,34.0,20-40,20.0,40.0,30.0,5416685,,15035,15652
20.0,,healthy,validation sample,10.0,10.0,35.0,20-40,20.0,40.0,30.0,5416685,,15035,15652
34.0,neurologically healthy,patients,participants,17.0,17.0,24.9,20-38 years,20.0,38.0,24.0,6646524,,12647,13860
2.0,,healthy,group1,1.0,1.0,25.0,20-30,20.0,30.0,25.0,5686883,,6521,7085
2.0,patients,patients,group2,1.0,1.0,35.0,30-40,30.0,40.0,35.0,5686883,,6521,7085
21.0,healthy,patients,right-handed,8.0,13.0,24.9,19-30,19.0,30.0,25.0,5218407,,9582,10592
20.0,healthy,patients,right-handed,8.0,12.0,25.1,19-30,19.0,30.0,25.0,5218407,,9582,10592
17.0,healthy,patients,right-handed,7.0,10.0,25.0,19-30,19.0,30.0,25.0,5218407,,9582,10592
26.0,typically developing,patients,children and adolescents,17.0,9.0,11.42,8-16,8.0,16.0,11.0,7005761,,7835,9334
33.0,Autism Spectrum Disorder,patients,ASD,12.0,3.0,38.0,13,13.0,51.0,38.0,2648877,,10521,12299
18.0,,healthy,control,13.0,5.0,32.0,8,24.0,40.0,32.0,2648877,,10521,12299
20.0,healthy,patients,MRI,10.0,10.0,30.0,20-40,20.0,40.0,30.0,4280551,,39662,41442
18.0,healthy,patients,PET,9.0,9.0,31.0,21-41,21.0,41.0,31.0,4280551,,39662,41442
1.0,healthy,patients,fMRI,1.0,0.0,25.0,25-25,25.0,25.0,25.0,4280551,,39662,41442
40.0,heroin relapser,patients,heroin relapser,20.0,20.0,35.0,25-45,25.0,45.0,35.0,4990879,,7250,8174
20.0,non-relapser,patients,non-relapser,10.0,10.0,30.0,20-40,20.0,40.0,30.0,4990879,,7250,8174
70.0,healthy,patients,TSD,41.0,29.0,33.58,21-50,21.0,50.0,34.0,7260173,,30977,33120
16.0,healthy,patients,control,7.0,9.0,34.59,21-50,21.0,50.0,35.0,7260173,,30977,33120
21.0,BDD,patients,BDD,10.0,11.0,25.5,16-48,16.0,48.0,24.0,6246657,,7306,10392
40.0,MDD,patients,MDD,20.0,20.0,30.5,16-48,16.0,48.0,29.0,6246657,,7306,10392
70.0,,healthy,HC,35.0,35.0,28.5,16-48,16.0,48.0,27.0,6246657,,7306,10392
10.0,,healthy,male,5.0,5.0,25.0,20-30,20.0,30.0,25.0,4175730,,5086,5449
10.0,,healthy,female,5.0,5.0,25.0,20-30,20.0,30.0,25.0,4175730,,5086,5449
38.0,healthy,patients,younger adults,5.0,9.0,22.6,18-27,18.0,27.0,22.0,3660406,,12986,16917
15.0,healthy,patients,older adults,5.0,10.0,61.1,51-71,51.0,71.0,61.0,3660406,,12986,16917
40.0,,healthy,all,8.0,32.0,44.0,25-63,25.0,63.0,45.0,8172304,,6637,7668
32.0,chronic urticaria,patients,all,6.0,26.0,46.0,25-65,25.0,65.0,47.0,8172304,,6637,7668
216.0,,healthy,young adults,108.0,108.0,25.5,18-30,18.0,30.0,25.0,8828908,,5902,6887
108.0,depressed,patients,depressed patients,54.0,54.0,27.5,18-35,18.0,35.0,27.0,8828908,,5902,6887
108.0,anxious,patients,anxious patients,54.0,54.0,28.5,18-35,18.0,35.0,28.0,8828908,,5902,6887
10.0,,healthy,control,5.0,5.0,25.0,20-30,20.0,30.0,25.0,4936600,,7397,7788
15.0,ADHD,patients,ADHD,10.0,5.0,28.0,25-35,25.0,35.0,28.0,4936600,,7397,7788
20.0,ASD,patients,ASD,15.0,5.0,30.0,28-32,28.0,32.0,30.0,4936600,,7397,7788
42.0,bronchial asthma without acute attacks,patients,GCBT,7.0,10.0,50.76,12.15,17.0,67.0,50.0,5394595,,5950,6820
60.0,,healthy,GCBT,30.0,30.0,45.67,10.23,20.0,70.0,45.0,5394595,,5950,6820
66.0,AN,patients,female,0.0,66.0,24.5,18-45,18.0,45.0,23.0,3913832,,7409,9049
35.0,,healthy,female,0.0,35.0,25.5,18-45,18.0,45.0,24.0,3913832,,7409,9049
31.0,AN,patients,male,31.0,0.0,26.5,18-45,18.0,45.0,25.0,3913832,,7409,9049
10.0,,healthy,control,5.0,5.0,25.0,20-30,20.0,30.0,25.0,7099000,,34438,34777
15.0,depression,patients,depression,7.0,8.0,30.0,25-35,25.0,35.0,30.0,7099000,,34438,34777
20.0,anxiety,patients,anxiety,10.0,10.0,28.0,20-30,20.0,30.0,28.0,7099000,,34438,34777
147.0,MDD,patients,depression,50.0,97.0,35.5,18-45,18.0,45.0,35.0,5598991,,7260,9372
130.0,,healthy,control,49.0,81.0,34.5,18-45,18.0,45.0,34.0,5598991,,7260,9372
33.0,ASD,patients,children and adolescents,15.0,18.0,13.5,10-17,10.0,17.0,14.0,5870086,,9508,11703
28.0,ASD,patients,analyzable,12.0,16.0,13.2,10-17,10.0,17.0,13.0,5870086,,9508,11703
5.0,ASD,patients,excluded,3.0,2.0,14.5,10-17,10.0,17.0,15.0,5870086,,9508,11703
24.0,healthy,patients,students,12.0,12.0,25.0,20-30,20.0,30.0,25.0,3362560,,7514,9845
70.0,BD patients in partial or full remission,patients,BD patients in partial or full remission,35.0,35.0,37.0,18-65,18.0,65.0,37.0,6908505,,7076,8109
54.0,neurologically healthy,patients,healthy,22.0,19.0,24.5,18-30,18.0,30.0,25.0,2748718,,25958,29873
40.0,neurologically healthy,patients,healthy,22.0,18.0,24.5,18-30,18.0,30.0,25.0,2748718,,25958,29873
30.0,neurologically healthy,patients,healthy,15.0,15.0,24.5,18-30,18.0,30.0,25.0,2748718,,25958,29873
17.0,PD patients,patients,PD patients,2.0,15.0,45.6,25-65,25.0,65.0,46.0,6382839,,30626,32637
17.0,,healthy,HC,4.0,13.0,44.2,22-62,22.0,62.0,45.0,6382839,,30626,32637
57.0,A1 trauma,patients,participants,22.0,35.0,21.9,18-37,18.0,37.0,21.0,6024199,,14405,15358
21.0,PTSD,patients,participants,6.0,15.0,21.5,18-31,18.0,31.0,21.0,6024199,,14405,15358
21.0,trauma-exposed control,patients,participants,8.0,14.0,22.1,18-37,18.0,37.0,22.0,6024199,,14405,15358
18.0,naive,patients,new,9.0,9.0,25.0,20-30,20.0,30.0,25.0,2995581,,24448,24931
13.0,"unilateral, upper limb amputation at least above the wrist and phantom limb pain of at least one year's duration",patients,amputees,11.0,2.0,52.92,32-75,32.0,75.0,52.0,2494616,,8118,9527
6.0,,healthy,controls,3.0,3.0,43.0,30-56,30.0,56.0,43.0,2494616,,8118,9527
30.0,"first-episode, drug-nave MDD",patients,MRI,9.0,21.0,26.76,1.72 years,18.0,45.0,26.0,4869560,,6957,9021
29.0,,healthy,MRI,15.0,14.0,26.76,1.72 years,18.0,45.0,26.0,4869560,,6957,9021
20.0,fibromyalgia,patients,women,0.0,20.0,46.4,22-70,22.0,70.0,46.0,6820536,,5393,6615
20.0,,healthy,women,0.0,20.0,42.1,21-70,21.0,70.0,42.0,6820536,,5393,6615
34.0,schizophrenia,patients,unmedicated,17.0,17.0,32.5,20-45,20.0,45.0,30.0,5292583,,6605,8461
35.0,,healthy,controls,18.0,17.0,31.5,21-44,21.0,44.0,30.0,5292583,,6605,8461
10.0,,healthy,control,5.0,5.0,25.0,20-30,20.0,30.0,25.0,3409150,,8385,8569
15.0,depression,patients,depression,7.0,8.0,30.0,25-35,25.0,35.0,30.0,3409150,,8385,8569
20.0,anxiety,patients,anxiety,10.0,10.0,28.0,20-30,20.0,30.0,28.0,3409150,,8385,8569
10.0,,healthy,control,5.0,5.0,30.0,20-40,20.0,40.0,30.0,7649291,,28562,28807
15.0,depression,patients,depression,7.0,8.0,40.0,30-50,30.0,50.0,40.0,7649291,,28562,28807
21.0,problematic tinnitus,patients,tinnitus,10.0,11.0,50.0,21-72,21.0,72.0,55.0,6667657,,7425,9782
12.0,problematic tinnitus,patients,tinnitus,6.0,6.0,52.0,21-72,21.0,72.0,56.0,6667657,,7425,9782
10.0,problematic tinnitus,patients,tinnitus,5.0,5.0,53.0,21-72,21.0,72.0,57.0,6667657,,7425,9782
8.0,problematic tinnitus,patients,tinnitus,4.0,4.0,54.0,21-72,21.0,72.0,58.0,6667657,,7425,9782
72.0,ischemic stroke,patients,stroke subjects,36.0,36.0,65.0,60-70,60.0,70.0,65.0,5665859,,7175,10809
15.0,,healthy,healthy volunteers,8.0,7.0,62.5,60-70,60.0,70.0,62.0,5665859,,7175,10809
15.0,,healthy,healthy volunteers,8.0,7.0,62.5,60-70,60.0,70.0,62.0,5665859,,7175,10809
20.0,healthy,patients,young,14.0,6.0,24.0,20-34,20.0,34.0,24.0,8764488,,15910,17003
56.0,,healthy,football enthusiasts,54.0,2.0,34.4,21-60,21.0,60.0,34.0,5460049,,6967,8342
58.0,,healthy,football enthusiasts,56.0,2.0,34.4,21-60,21.0,60.0,34.0,5460049,,6967,8342
61.0,,healthy,football enthusiasts,58.0,3.0,34.4,21-60,21.0,60.0,34.0,5460049,,6967,8342
39.0,aphasia,patients,stroke survivors,20.0,19.0,52.9,6 months - 52.9 months,6.0,52.0,52.0,5266856,,11355,12649
37.0,,healthy,control subjects,18.0,19.0,52.9,6 months - 52.9 months,6.0,52.0,52.0,5266856,,11355,12649
78.0,Sz,patients,schizophrenia,19.0,9.0,38.5,21-54,21.0,54.0,39.0,8883821,,7464,8764
20.0,ASD,patients,autism spectrum disorder,15.0,5.0,31.5,19-43,19.0,43.0,32.0,8883821,,7464,8764
30.0,,healthy,neurotypical controls,15.0,15.0,32.5,19-54,19.0,54.0,33.0,8883821,,7464,8764
10.0,,healthy,control,5.0,5.0,30.0,20-40,20.0,40.0,30.0,5371603,,24766,25055
15.0,depression,patients,depression,7.0,8.0,40.0,30-50,30.0,50.0,40.0,5371603,,24766,25055
164.0,incarcerated female volunteers,patients,incarcerated,0.0,164.0,30.5,18-50,18.0,50.0,30.0,4174863,,7405,10633
46.0,,healthy,non-incarcerated,0.0,46.0,25.5,18-50,18.0,50.0,25.0,4174863,,7405,10633
21.0,N/A,patients,N/A,10.0,11.0,29.365,19-46,19.0,46.0,29.0,3554651,,39775,41437
11.0,proficient,patients,proficient,3.0,8.0,28.73,19-46,19.0,46.0,28.0,3554651,,39775,41437
10.0,less-proficient,patients,less-proficient,2.0,8.0,30.0,19-45,19.0,45.0,30.0,3554651,,39775,41437
21.0,idiopathic PD,patients,volunteers,14.0,7.0,60.5,50-70,50.0,70.0,62.0,3045463,,6018,9180
19.0,,healthy,adults,12.0,7.0,58.5,50-70,50.0,70.0,59.0,3045463,,6018,9180
2785.0,healthy,patients,visual_similarity_rating_task,616.0,569.0,30.1,18-53,18.0,53.0,30.0,5832413,,59945,61874
1600.0,healthy,patients,semantic_feature_generation_task,852.0,748.0,31.7,18-58,18.0,58.0,32.0,5832413,,59945,61874
16.0,healthy,patients,fMRI_experiment,10.0,6.0,23.1,19-29,19.0,29.0,23.0,5832413,,59945,61874
10.0,,healthy,control,5.0,5.0,30.0,20-40,20.0,40.0,30.0,7838677,,45014,45233
15.0,depression,patients,depression,7.0,8.0,40.0,30-50,30.0,50.0,40.0,7838677,,45014,45233
20.0,anxiety,patients,anxiety,10.0,10.0,50.0,40-60,40.0,60.0,50.0,7838677,,45014,45233
10.0,,healthy,control,5.0,5.0,30.0,20-40,20.0,40.0,30.0,6290711,,7097,7554
15.0,depression,patients,depression,7.0,8.0,40.0,30-50,30.0,50.0,40.0,6290711,,7097,7554
20.0,anxiety,patients,anxiety,10.0,10.0,50.0,40-60,40.0,60.0,50.0,6290711,,7097,7554
32.0,chronic left-hemisphere stroke patients,patients,stroke patients,27.0,5.0,62.1,11-56 months,11.0,56.0,27.0,4473263,,8398,9988
18.0,,healthy,healthy controls,8.0,10.0,63.9,9-9 years,9.0,9.0,9.0,4473263,,8398,9988
147.0,,healthy,infants,78.0,69.0,15.0,15-20,15.0,20.0,15.0,4215530,,10681,12744
113.0,,healthy,individuals,76.0,37.0,15.0,15-20,15.0,20.0,15.0,4215530,,10681,12744
24.0,,healthy,young adults,12.0,12.0,20.0,20-25,20.0,25.0,20.0,4215530,,10681,12744
22.0,,healthy,controls,11.0,11.0,20.0,20-25,20.0,25.0,20.0,4215530,,10681,12744
24.0,,healthy,controls,7.0,5.0,21.5,19-32,19.0,32.0,21.0,3791281,,6198,9421
24.0,,healthy,binge drinkers,7.0,5.0,21.5,19-32,19.0,32.0,21.0,3791281,,6198,9421
24.0,IA,patients,IA,14.0,10.0,20.58,2.39,18.0,25.0,20.0,8939409,,8544,9896
23.0,,healthy,HC,10.0,13.0,21.13,2.51,19.0,26.0,21.0,8939409,,8544,9896
100.0,,healthy,control,50.0,50.0,25.0,20-30,20.0,30.0,25.0,8459240,,10021,10454
50.0,depression,patients,depression,25.0,25.0,30.0,25-35,25.0,35.0,30.0,8459240,,10021,10454
17.0,schizophrenia or schizoaffective disorder,patients,"F20.0, F20.3, F25.0, F25.2",10.0,7.0,35.5,20-50,20.0,50.0,35.0,7851842,,9615,11713
18.0,,healthy,none,9.0,9.0,34.5,20-50,20.0,50.0,34.0,7851842,,9615,11713
1.0,schizophrenia or schizoaffective disorder,patients,"F20.0, F20.3, F25.0, F25.2",1.0,0.0,36.0,20-50,20.0,50.0,36.0,7851842,,9615,11713
1.0,,healthy,none,1.0,0.0,35.0,20-50,20.0,50.0,35.0,7851842,,9615,11713
63.0,healthy,patients,healthy adults,27.0,2255.0,37.11,22-27,22.0,27.0,25.0,7913329,,10518,11796
103.0,healthy,patients,participants,51.0,52.0,32.5,18-50,18.0,50.0,30.0,3334814,,8117,11961
10.0,depression,patients,participants,5.0,5.0,35.0,20-40,20.0,40.0,32.0,3334814,,8117,11961
15.0,anxiety,patients,participants,8.0,7.0,38.0,25-55,25.0,55.0,36.0,3334814,,8117,11961
53.0,T2DM patients,patients,T2DM patients,27.0,26.0,60.5,45-75,45.0,75.0,61.0,7829678,,7017,9210
39.0,,healthy,HC group,20.0,19.0,58.7,45-75,45.0,75.0,59.0,7829678,,7017,9210
10.0,,healthy,control,5.0,5.0,25.0,20-30,20.0,30.0,25.0,6878729,,47617,47880
15.0,depression,patients,depression,7.0,8.0,30.0,25-35,25.0,35.0,30.0,6878729,,47617,47880
20.0,anxiety,patients,anxiety,10.0,10.0,28.0,20-30,20.0,30.0,28.0,6878729,,47617,47880
100.0,,healthy,control,50.0,50.0,30.0,20-40,20.0,40.0,30.0,6902076,,34771,35072
50.0,depression,patients,depression,25.0,25.0,40.0,30-50,30.0,50.0,40.0,6902076,,34771,35072
25.0,anxiety,patients,anxiety,12.0,13.0,25.0,20-30,20.0,30.0,25.0,6902076,,34771,35072
10.0,,healthy,control,5.0,5.0,30.0,20-40,20.0,40.0,30.0,7481390,,37369,37628
15.0,depression,patients,depression,7.0,8.0,40.0,30-50,30.0,50.0,40.0,7481390,,37369,37628
45.0,MDD,patients,mild-moderate,16.0,29.0,37.11,19-58,19.0,58.0,37.0,4983635,,8102,10652
19.0,,healthy,control,8.0,11.0,33.0,20-52,20.0,52.0,33.0,4983635,,8102,10652
46.0,healthy,patients,KAIST,32.0,14.0,22.6,22-36,22.0,36.0,23.0,7745153,,9299,12877
16.0,DLB,patients,DLB,10.0,6.0,72.5,60-80,60.0,80.0,70.0,3984441,,7293,9018
17.0,,healthy,controls,8.0,9.0,71.5,60-80,60.0,80.0,70.0,3984441,,7293,9018
50.0,relapsing-remitting MS,patients,MRI,25.0,25.0,35.0,18-55,18.0,55.0,30.0,6200185,,7655,8461
25.0,,healthy,MRI,15.0,10.0,30.0,18-55,18.0,55.0,25.0,6200185,,7655,8461
25.0,relapsing-remitting MS,patients,MRI,10.0,15.0,40.0,18-55,18.0,55.0,45.0,6200185,,7655,8461
50.0,IPD patients,patients,IPD,25.0,25.0,54.6,54.6,54.0,55.0,54.0,6675526,,4609,5604
20.0,,healthy,controls,11.0,9.0,54.6,54.6,54.0,55.0,54.0,6675526,,4609,5604
15.0,healthy,patients,men,15.0,0.0,26.0,25-27,25.0,27.0,26.0,5270359,,8450,9492
100.0,,healthy,young,50.0,50.0,25.0,20-30,20.0,30.0,25.0,7518235,,29730,30022
50.0,,healthy,middle-aged,25.0,25.0,45.0,40-50,40.0,50.0,45.0,7518235,,29730,30022
25.0,,healthy,elderly,12.0,13.0,65.0,60-70,60.0,70.0,65.0,7518235,,29730,30022
53.0,SAD (generalized subtype),patients,SAD,44.0,17.0,29.9,29.9,29.0,30.0,29.0,4416052,,5666,9459
33.0,,healthy,Control,29.0,14.0,29.4,29.4,29.0,30.0,29.0,4416052,,5666,9459
17.0,normal,patients,children,8.0,9.0,7.4,6.9-7.8,6.0,8.0,7.0,3780305,,14497,15232
26.0,chronic pain,patients,chronic pain group,4.0,9.0,51.8,43 to 65,43.0,65.0,51.0,4048172,,8990,10646
13.0,,healthy,normal control group,4.0,9.0,48.7,38 to 62,38.0,62.0,48.0,4048172,,8990,10646
19.0,healthy,patients,propofol data collection,13.0,6.0,1840.0,1840,1840.0,1840.0,1840.0,6787094,,37350,38168
7.0,healthy,patients,overfeeding,2.0,5.0,31.2,29-33,29.0,33.0,31.0,7758977,,6078,7557
6.0,healthy,patients,fasting,1.0,5.0,29.1,27-31,27.0,31.0,29.0,7758977,,6078,7557
44.0,PD,patients,PD,22.0,22.0,60.5,50-70,50.0,70.0,60.0,6389716,,8216,9580
43.0,,healthy,NC,21.0,22.0,58.5,50-70,50.0,70.0,58.0,6389716,,8216,9580
10.0,,healthy,control,5.0,5.0,30.0,20-40,20.0,40.0,30.0,7090024,,5358,5511
15.0,depression,patients,depression,7.0,8.0,40.0,30-50,30.0,50.0,40.0,7090024,,5358,5511
20.0,anxiety,patients,anxiety,10.0,10.0,50.0,40-60,40.0,60.0,50.0,7090024,,5358,5511
30.0,healthy,patients,students,10.0,20.0,21.5,18-25,18.0,25.0,22.0,5881103,,15988,18765
14.0,healthy,patients,right-handed,6.0,8.0,24.8,22-29,22.0,29.0,24.0,3078751,,10341,10716
10.0,healthy,patients,left-handed,5.0,5.0,26.5,23-30,23.0,30.0,26.0,3078751,,10341,10716
12.0,healthy,patients,ambidextrous,6.0,6.0,25.2,22-28,22.0,28.0,25.0,3078751,,10341,10716
10.0,,healthy,male,5.0,5.0,25.0,20-30,20.0,30.0,25.0,4530666,,8966,9512
10.0,,healthy,female,5.0,5.0,25.0,20-30,20.0,30.0,25.0,4530666,,8966,9512
10.0,chronic marijuana (MJ) users,patients,MJ users,8.0,2.0,25.0,20-30,20.0,30.0,25.0,3742334,,7512,11306
18.0,,healthy,NU participants,11.0,7.0,27.0,25-35,25.0,35.0,27.0,3742334,,7512,11306
100.0,,healthy,young,50.0,50.0,25.0,20-30,20.0,30.0,25.0,8315277,,30066,30286
50.0,,healthy,middle-aged,25.0,25.0,45.0,40-50,40.0,50.0,45.0,8315277,,30066,30286
25.0,,healthy,elderly,12.0,13.0,65.0,60-70,60.0,70.0,65.0,8315277,,30066,30286
46.0,"drug-naive, first-episode schizophrenia",patients,schizophrenia,23.0,23.0,25.5,18-37,18.0,37.0,24.0,6197719,,10028,12384
46.0,unaffected siblings,patients,siblings,23.0,23.0,25.5,18-37,18.0,37.0,24.0,6197719,,10028,12384
46.0,,healthy,controls,23.0,23.0,25.5,18-37,18.0,37.0,24.0,6197719,,10028,12384
11.0,depressed patients,patients,depressed patients,5.0,6.0,618.0,618,618.0,618.0,618.0,4589842,,6061,7568
11.0,,healthy,healthy controls,5.0,6.0,568.0,568,568.0,568.0,568.0,4589842,,6061,7568
19.0,MDD patients,patients,MDD,10.0,9.0,35.5,18-55,18.0,55.0,36.0,7875881,,7093,8833
17.0,,healthy,HCs,8.0,9.0,32.5,18-55,18.0,55.0,33.0,7875881,,7093,8833
30.0,ADHD,patients,hyperactiveimpulsive/inattentive combined subtype,30.0,0.0,13.5,10-17,10.0,17.0,14.0,4190683,,9065,12151
30.0,,healthy,control,30.0,0.0,13.5,10-17,10.0,17.0,14.0,4190683,,9065,12151
223.0,mood and/or anxiety disorder,patients,MA,61.0,162.0,36.0,36 (11),25.0,47.0,36.0,7082218,,14245,17478
45.0,,healthy,HC,22.0,23.0,32.0,32 (11),21.0,43.0,32.0,7082218,,14245,17478
10.0,perinatal stroke,patients,children,5.0,5.0,10.0,6-19,6.0,19.0,10.0,8785614,,10157,11478
10.0,,healthy,children,5.0,5.0,10.0,6-19,6.0,19.0,10.0,8785614,,10157,11478
100.0,,healthy,young,50.0,50.0,25.0,20-30,20.0,30.0,25.0,8569140,,30752,31003
50.0,,healthy,middle-aged,25.0,25.0,45.0,40-50,40.0,50.0,45.0,8569140,,30752,31003
25.0,,healthy,elderly,12.0,13.0,65.0,60-70,60.0,70.0,65.0,8569140,,30752,31003
27.0,left hemisphere infarcts,patients,stroke patients,14.0,13.0,59.1,59.1 - 10.8,59.0,70.0,59.0,5903407,,7983,10239
24.0,,healthy,controls,6.0,18.0,57.0,57 - 11,57.0,68.0,57.0,5903407,,7983,10239
32.0,healthy,patients,fMRI experiment,11.0,21.0,230.41,20-25,20.0,25.0,22.0,8018944,,8670,11952
30.0,healthy,patients,fMRI experiment,10.0,20.0,230.41,20-25,20.0,25.0,22.0,8018944,,8670,11952
24.0,none,patients,none,12.0,12.0,25.3,21-34,21.0,34.0,25.0,7994216,,12556,14217
10.0,,healthy,young,5.0,5.0,25.0,20-30,20.0,30.0,25.0,3893192,,6069,6340
15.0,depression,patients,young,7.0,8.0,27.0,20-30,20.0,30.0,27.0,3893192,,6069,6340
20.0,,healthy,old,10.0,10.0,60.0,50-70,50.0,70.0,60.0,3893192,,6069,6340
25.0,depression,patients,old,12.0,13.0,62.0,50-70,50.0,70.0,62.0,3893192,,6069,6340
90.0,,healthy,CON,45.0,45.0,25.5,20-30,20.0,30.0,25.0,7416060,,8377,10336
54.0,users,patients,CAN,27.0,27.0,27.5,25-35,25.0,35.0,27.0,7416060,,8377,10336
24.0,healthy,patients,right-handed,12.0,12.0,26.0,23-34,23.0,34.0,26.0,3502502,,6711,7624
46.0,healthy,patients,right-handed,25.0,21.0,30.0,19-63,19.0,63.0,30.0,3502502,,6711,7624
6.0,,healthy,young adults,5.0,1.0,28.5,22-35,22.0,35.0,29.0,3894920,,10745,11773
100.0,,healthy,control,50.0,50.0,30.0,20-40,20.0,40.0,30.0,6585311,,61226,61652
50.0,depression,patients,depression,25.0,25.0,40.0,30-50,30.0,50.0,40.0,6585311,,61226,61652
25.0,anxiety,patients,anxiety,12.0,13.0,25.0,20-30,20.0,30.0,25.0,6585311,,61226,61652
41.0,UC,patients,right-handed,25.0,16.0,37.1,20-54,20.0,54.0,37.0,6457314,,5613,7441
42.0,,healthy,right-handed,25.0,17.0,36.86,22-55,22.0,55.0,37.0,6457314,,5613,7441
53.0,mTBI,patients,mTBI,25.0,28.0,29.5,20-58,20.0,58.0,28.0,7539836,,6826,8200
43.0,,healthy,HC,19.0,24.0,30.5,20-59,20.0,59.0,29.0,7539836,,6826,8200
37.0,PD patients,patients,right-handed,17.0,20.0,60.5,50-70,50.0,70.0,60.0,4184784,,6434,8455
34.0,,healthy,age- and gender-matched,22.0,12.0,58.5,50-70,50.0,70.0,58.0,4184784,,6434,8455
13.0,history of right MCA territory infarction,patients,male,13.0,0.0,50.0,40-60,40.0,60.0,50.0,8154462,,4472,5608
11.0,,healthy,male,11.0,0.0,45.0,35-55,35.0,55.0,45.0,8154462,,4472,5608
55.0,ASD or TD,patients,adolescents,20.0,8.0,14.58,14.58-1.62,14.0,16.0,15.0,8213933,,13173,14739
27.0,,healthy,controls,18.0,9.0,14.49,14.49-1.51,14.0,15.0,15.0,8213933,,13173,14739
1.0,,healthy,participants,1.0,0.0,30.0,25-35,25.0,35.0,30.0,5339238,,30384,31019
1.0,patients,patients,participants,1.0,0.0,40.0,35-45,35.0,45.0,40.0,5339238,,30384,31019
1.0,,healthy,participants,0.0,1.0,28.0,23-33,23.0,33.0,28.0,5339238,,30384,31019
1.0,patients,patients,participants,0.0,1.0,38.0,33-43,33.0,43.0,38.0,5339238,,30384,31019
23.0,,healthy,controls,15.0,8.0,31.16,19-44,19.0,44.0,31.0,5761874,,7481,8731
25.0,temporal lobe epilepsy,patients,temporal lobe epilepsy,13.0,12.0,33.67,20-45,20.0,45.0,33.0,5761874,,7481,8731
160.0,healthy,patients,FBIRN,115.0,45.0,37.04,19-59,19.0,59.0,37.0,7721229,,10065,13228
151.0,SZ,patients,FBIRN,115.0,36.0,38.77,18-62,18.0,62.0,39.0,7721229,,10065,13228
314.0,healthy,patients,ABIDE1,249.0,65.0,17.04,6-56,6.0,56.0,17.0,7721229,,10065,13228
255.0,ASD,patients,ABIDE1,224.0,31.0,17.05,7-55,7.0,55.0,17.0,7721229,,10065,13228
20.0,healthy,patients,participants,9.0,11.0,21.95,18-35,18.0,35.0,22.0,4810172,,9482,10858
100.0,mTBI,patients,mTBI,50.0,50.0,30.0,20-40,20.0,40.0,30.0,7275020,,7449,8455
50.0,,healthy,healthy,25.0,25.0,25.0,18-30,18.0,30.0,25.0,7275020,,7449,8455
24.0,phobia,patients,cockroach,4.0,8.0,40.08,24-56,24.0,56.0,40.0,6220927,,5977,7136
12.0,,healthy,none,4.0,8.0,24.08,16-32,16.0,32.0,24.0,6220927,,5977,7136
18.0,ASC,patients,high-functioning adults,14.0,4.0,30.4,20-40,20.0,40.0,30.0,4265725,,10617,12494
18.0,,healthy,typically-developing controls,10.0,8.0,28.6,20-40,20.0,40.0,28.0,4265725,,10617,12494
10.0,,healthy,control,5.0,5.0,30.0,20-40,20.0,40.0,30.0,8933317,,45304,45433
15.0,depression,patients,depression,7.0,8.0,40.0,30-50,30.0,50.0,40.0,8933317,,45304,45433
20.0,anxiety,patients,anxiety,10.0,10.0,50.0,40-60,40.0,60.0,50.0,8933317,,45304,45433
34.0,healthy,patients,MRI,12.0,12.0,23.5,23-45,23.0,45.0,24.0,2525845,,5998,8666
2.0,excluded,patients,MRI,1.0,1.0,25.0,24-26,24.0,26.0,25.0,2525845,,5998,8666
6.0,excluded,patients,MRI,2.0,4.0,27.0,23-30,23.0,30.0,27.0,2525845,,5998,8666
19.0,MTLE,patients,MTLE,11.0,8.0,45.31,29.7-45.8,29.0,45.0,45.0,7836234,,7759,9900
19.0,,healthy,healthy,10.0,9.0,45.8,45.3-45.8,45.0,45.0,45.0,7836234,,7759,9900
27.0,primary generalized SAD,patients,unmedicated,15.0,12.0,30.5,20-40,20.0,40.0,30.0,4029608,,8770,11234
27.0,,healthy,HC,14.0,13.0,29.5,20-40,20.0,40.0,30.0,4029608,,8770,11234
30.0,PTSD and healthy participants,patients,PTSD,15.0,15.0,30.0,20-40,20.0,40.0,30.0,8785646,,15850,19588
30.0,,healthy,healthy,15.0,15.0,30.0,20-40,20.0,40.0,30.0,8785646,,15850,19588
100.0,,healthy,control,50.0,50.0,30.0,20-40,20.0,40.0,30.0,5552726,,18439,18775
50.0,depression,patients,depression,25.0,25.0,40.0,30-50,30.0,50.0,40.0,5552726,,18439,18775
25.0,anxiety,patients,anxiety,12.0,13.0,25.0,20-30,20.0,30.0,25.0,5552726,,18439,18775
167.0,ADHD,patients,youths,83.0,84.0,12.5,5-18,5.0,18.0,13.0,8782893,,7940,10880
120.0,ADHD,patients,nuclear families,60.0,60.0,12.5,5-18,5.0,18.0,13.0,8782893,,7940,10880
47.0,ADHD,patients,nuclear families,23.0,24.0,12.5,5-18,5.0,18.0,13.0,8782893,,7940,10880
36.0,"AD, MCI, healthy controls",patients,AD,7.0,7.0,65.5,60-70,60.0,70.0,65.0,3423412,,6223,8710
8.0,MCI,patients,MCI,4.0,4.0,62.5,55-65,55.0,65.0,62.0,3423412,,6223,8710
14.0,,healthy,healthy controls,7.0,7.0,63.5,60-70,60.0,70.0,63.0,3423412,,6223,8710
100.0,,healthy,young,50.0,50.0,25.0,20-30,20.0,30.0,25.0,6350268,,23895,24151
50.0,depression,patients,young,25.0,25.0,27.0,20-30,20.0,30.0,27.0,6350268,,23895,24151
100.0,,healthy,old,50.0,50.0,65.0,60-70,60.0,70.0,65.0,6350268,,23895,24151
50.0,depression,patients,old,25.0,25.0,67.0,60-70,60.0,70.0,67.0,6350268,,23895,24151
8.0,healthy,patients,young adults,4.0,4.0,31.75,26-37,26.0,37.0,31.0,4522562,,34627,36506
40.0,healthy,patients,2/3,10.0,10.0,20.5,18-23,18.0,23.0,21.0,3520927,,5472,7428
40.0,healthy,patients,3/4,10.0,10.0,20.5,18-23,18.0,23.0,21.0,3520927,,5472,7428
10.0,,healthy,group1,5.0,5.0,25.0,20-30,20.0,30.0,25.0,8978988,,15949,16175
15.0,patients,patients,group2,8.0,7.0,35.0,30-40,30.0,40.0,35.0,8978988,,15949,16175
20.0,,healthy,group3,10.0,10.0,45.0,40-50,40.0,50.0,45.0,8978988,,15949,16175
29.0,healthy,patients,trigeminal nociception,15.0,14.0,30.0,20-40,20.0,40.0,30.0,7563756,,9392,10386
38.0,ADHD,patients,adults,18.0,20.0,35.5,18-65,18.0,65.0,35.0,6347794,,7742,10511
65.0,idiopathic PD,patients,right-handed,32.0,33.0,60.5,50-70,50.0,70.0,61.0,5655292,,3039,4402
24.0,,healthy,controls,12.0,12.0,55.5,40-60,40.0,60.0,56.0,5655292,,3039,4402
76.0,APOE genotype,patients,carriers,38.0,38.0,49.9,40-60,40.0,60.0,49.0,9205431,,45406,48741
38.0,APOE genotype,patients,noncarriers,16.0,22.0,49.9,40-60,40.0,60.0,49.0,9205431,,45406,48741
10.0,,healthy,control,5.0,5.0,30.0,20-40,20.0,40.0,30.0,7406917,,42158,42490
15.0,depression,patients,depression,7.0,8.0,40.0,30-50,30.0,50.0,40.0,7406917,,42158,42490
9.0,healthy,patients,musicians,6.0,3.0,22.3,19-27,19.0,27.0,22.0,5719057,,36231,39516
10.0,healthy,patients,non-musicians,5.0,5.0,24.5,20-29,20.0,29.0,24.0,5719057,,36231,39516
8.0,healthy,patients,musicians,4.0,4.0,23.6,21-27,21.0,27.0,23.0,5719057,,36231,39516
10.0,ET patients,patients,ET patients,6.0,4.0,69.48,69-89,69.0,89.0,69.0,7493988,,43154,44585
10.0,,healthy,age-matched healthy subjects,5.0,5.0,67.77,67-78,67.0,78.0,67.0,7493988,,43154,44585
22.0,,healthy,Control group,16.0,6.0,16.0,12-20,12.0,20.0,16.0,3701149,,11779,14691
12.0,subclinical AHs,patients,AH group,5.0,7.0,15.97,12-20,12.0,20.0,16.0,3701149,,11779,14691
13.0,22q11.2 Deletion Syndrome,patients,22q11.2DS group,9.0,4.0,16.14,12-20,12.0,20.0,16.0,3701149,,11779,14691
23.0,,healthy,MEG Center,12.0,11.0,25.5,20-30,20.0,30.0,25.0,8752963,,5395,7240
89.0,,healthy,HCP,45.0,44.0,28.5,22-35,22.0,35.0,28.0,8752963,,5395,7240
100.0,,healthy,control,50.0,50.0,30.0,20-40,20.0,40.0,30.0,8544331,,21105,21485
50.0,depression,patients,depression,25.0,25.0,40.0,30-50,30.0,50.0,40.0,8544331,,21105,21485
25.0,anxiety,patients,anxiety,12.0,13.0,25.0,20-30,20.0,30.0,25.0,8544331,,21105,21485
20.0,Tourette syndrome,patients,Tourette syndrome,10.0,10.0,15.0,10-20,10.0,20.0,15.0,3877773,,6179,7775
17.0,,healthy,healthy,8.0,9.0,16.0,11-21,11.0,21.0,16.0,3877773,,6179,7775
10.0,,healthy,control,5.0,5.0,25.0,20-30,20.0,30.0,25.0,6611425,,40399,40608
15.0,depression,patients,depression,7.0,8.0,30.0,25-35,25.0,35.0,30.0,6611425,,40399,40608
20.0,anxiety,patients,anxiety,10.0,10.0,28.0,20-30,20.0,30.0,28.0,6611425,,40399,40608
284.0,healthy,patients,RH,71.0,71.0,26.8,25-6,25.0,26.0,26.0,4319399,,9266,11511
284.0,healthy,patients,LH,73.0,73.0,24.4,25-6,25.0,26.0,24.0,4319399,,9266,11511
14.0,,healthy,listeners,7.0,7.0,35.0,22-48,22.0,48.0,35.0,3788350,,9587,10771
21.0,Parkinson's disease,patients,Hoehn and Yahr stages 13,13.0,8.0,60.8,44-73,44.0,73.0,60.0,3182403,,5559,6387
70.0,healthy controls,patients,young people,23.0,20.0,17.5,17-18,17.0,18.0,17.0,5104469,,12106,15360
21.0,"PTSD, depression, anxiety, conduct disorder and phobia",patients,young people with a history of childhood abuse,15.0,6.0,17.5,17-18,17.0,18.0,17.0,5104469,,12106,15360
20.0,probable or definite sporadic ALS patients,patients,ALS patients,10.0,10.0,50.0,40-60,40.0,60.0,50.0,3447931,,7348,8813
20.0,,healthy,control group,10.0,10.0,50.0,40-60,40.0,60.0,50.0,3447931,,7348,8813
27.0,hearing-impaired listeners,patients,HA users,13.0,14.0,65.0,60-80,60.0,80.0,65.0,6509414,,8835,10592
13.0,experienced HA users,patients,eHA,7.0,6.0,60.0,55-70,55.0,70.0,60.0,6509414,,8835,10592
14.0,inexperienced HA users,patients,iHA,6.0,8.0,70.0,65-80,65.0,80.0,70.0,6509414,,8835,10592
15.0,healthy,patients,fMRI experiment,8.0,7.0,26.5,21-38 years,21.0,38.0,26.0,3324921,,9056,13005
14.0,healthy,patients,fMRI experiment,7.0,7.0,26.5,21-38 years,21.0,38.0,26.0,3324921,,9056,13005
13.0,healthy,patients,fMRI experiment,6.0,7.0,26.5,21-38 years,21.0,38.0,26.0,3324921,,9056,13005
15.0,,healthy,students,7.0,8.0,23.8,20-28,20.0,28.0,24.0,5324609,,5173,8811
8.0,,healthy,students,4.0,4.0,22.5,20-25,20.0,25.0,23.0,5324609,,5173,8811
15.0,,healthy,students,7.0,8.0,23.8,20-28,20.0,28.0,24.0,5324609,,5173,8811
10.0,,healthy,children,5.0,5.0,5.8,5-6,5.0,6.0,6.0,4274095,,11741,12283
15.0,autism,patients,children,10.0,5.0,6.2,6-7,6.0,7.0,7.0,4274095,,11741,12283
20.0,,healthy,adults,10.0,10.0,25.5,25-30,25.0,30.0,28.0,4274095,,11741,12283
25.0,depression,patients,adults,15.0,10.0,30.2,30-35,30.0,35.0,33.0,4274095,,11741,12283
15.0,phobic prone,patients,PP,6.0,9.0,39.2,31.8-46.6,31.0,46.0,39.0,3002948,,8290,11062
15.0,eating disorders prone,patients,EDP,5.0,10.0,34.4,25.7-43.1,25.0,43.0,34.0,3002948,,8290,11062
20.0,,healthy,HC,20.0,0.0,25.0,20-30,20.0,30.0,25.0,9230060,,4708,5988
6.0,affective violence,patients,VA,6.0,0.0,28.0,25-35,25.0,35.0,28.0,9230060,,4708,5988
7.0,predatory violence,patients,VP,7.0,0.0,32.0,30-40,30.0,40.0,32.0,9230060,,4708,5988
7.0,non-violent crime,patients,NV,7.0,0.0,35.0,32-40,32.0,40.0,35.0,9230060,,4708,5988
24.0,MSA c-type patients,patients,MSA c-type,12.0,12.0,60.5,50-70,50.0,70.0,60.0,7485713,,27477,29306
20.0,,healthy,controls,10.0,10.0,58.5,50-70,50.0,70.0,58.0,7485713,,27477,29306
25.0,,healthy,normal adult subjects,14.0,10.0,33.2,33-35,33.0,35.0,33.0,6412974,,9389,12145
18.0,JME patients,patients,JME patients,3.0,15.0,30.1,30-38,30.0,38.0,30.0,6412974,,9389,12145
100.0,,healthy,control,50.0,50.0,30.0,20-40,20.0,40.0,30.0,7004957,,28330,28574
50.0,depression,patients,depression,25.0,25.0,40.0,30-50,30.0,50.0,40.0,7004957,,28330,28574
25.0,anxiety,patients,anxiety,10.0,15.0,25.0,20-30,20.0,30.0,25.0,7004957,,28330,28574
1.0,,healthy,MRI,1.0,0.0,25.0,20-30,20.0,30.0,25.0,9435010,,11452,12744
1.0,AVH,patients,MRI,1.0,0.0,30.0,25-35,25.0,35.0,30.0,9435010,,11452,12744
62.0,panic disorder and agoraphobia,patients,first funding period,30.0,32.0,35.5,20-50,20.0,50.0,35.0,6854061,,8526,10737
39.0,,healthy,first funding period,20.0,19.0,32.5,20-45,20.0,45.0,32.0,6854061,,8526,10737
60.0,panic disorder and agoraphobia,patients,second funding period,35.0,25.0,36.5,20-55,20.0,55.0,36.0,6854061,,8526,10737
38.0,,healthy,second funding period,22.0,16.0,33.5,20-45,20.0,45.0,33.0,6854061,,8526,10737
42.0,ASD,patients,ASD,21.0,21.0,18.5,8-36,8.0,36.0,18.0,3842522,,11123,13089
48.0,,healthy,TD,24.0,24.0,20.5,8-36,8.0,36.0,20.0,3842522,,11123,13089
5.0,,healthy,participants,3.0,2.0,30.0,20-40,20.0,40.0,30.0,6678781,,33032,36829
10.0,convicted,patients,convicted CSOs,6.0,4.0,40.0,30-50,30.0,50.0,40.0,6678781,,33032,36829
8.0,non-convicted,patients,non-convicted CSOs,4.0,4.0,35.0,25-45,25.0,45.0,35.0,6678781,,33032,36829
20.0,MdDS,patients,MdDS,5.0,15.0,43.4,27-66 years,27.0,66.0,43.0,3510214,,12585,13447
20.0,,healthy,CTRL,10.0,10.0,43.0,23-59 years,23.0,59.0,43.0,3510214,,12585,13447
2.0,ET,patients,UMCG,1.0,1.0,50.0,45-55,45.0,55.0,50.0,4732188,,5151,6415
2.0,ET,patients,AMC,1.0,1.0,55.0,50-60,50.0,60.0,55.0,4732188,,5151,6415
2.0,,healthy,UMCG,1.0,1.0,45.0,40-50,40.0,50.0,45.0,4732188,,5151,6415
2.0,,healthy,AMC,1.0,1.0,50.0,45-55,45.0,55.0,50.0,4732188,,5151,6415
11.0,healthy,patients,normal,5.0,6.0,31.0,25-38,25.0,38.0,31.0,3132672,,7753,11701
2.0,,healthy,MRI,1.0,1.0,25.0,20-30,20.0,30.0,25.0,3777673,,12233,16884
2.0,patients,patients,MRI,1.0,1.0,30.0,25-35,25.0,35.0,30.0,3777673,,12233,16884
16.0,ASD,patients,male,16.0,0.0,13.0,8-18,8.0,18.0,13.0,5279905,,7481,9124
16.0,,healthy,male,16.0,0.0,13.0,8-18,8.0,18.0,13.0,5279905,,7481,9124
32.0,healthy,patients,MRI,17.0,15.0,2527.0,25-27,25.0,27.0,26.0,4332461,,4501,7045
16.0,low BrAC,patients,MRI,8.0,8.0,2527.0,25-27,25.0,27.0,26.0,4332461,,4501,7045
16.0,high BrAC,patients,MRI,8.0,8.0,2527.0,25-27,25.0,27.0,26.0,4332461,,4501,7045
21.0,PTSD,patients,PTSD,11.0,10.0,35.0,20-50,20.0,50.0,30.0,5030332,,7905,9151
18.0,healthy,patients,MRI,9.0,9.0,25.0,20-30,20.0,30.0,25.0,4352055,,25752,26232
34.0,alcohol-dependent patients,patients,ADP,34.0,0.0,45.6,25-60,25.0,60.0,46.0,5413198,,10741,12545
26.0,,healthy,HC,26.0,0.0,42.3,22-58,22.0,58.0,43.0,5413198,,10741,12545
28.0,IA,patients,adolescents,14.0,14.0,15.1,13-17,13.0,17.0,15.0,4030253,,12909,14925
27.0,,healthy,adolescents,14.0,13.0,15.2,14-16,14.0,16.0,15.0,4030253,,12909,14925
20.0,healthy,patients,SEN,10.0,10.0,30.0,20-40,20.0,40.0,30.0,4017227,,10889,12088
20.0,healthy,patients,PSEN,10.0,10.0,30.0,20-40,20.0,40.0,30.0,4017227,,10889,12088
163.0,,healthy,HCs,117.0,46.0,36.9,20-50,20.0,50.0,35.0,9057100,,12793,13992
151.0,SZ,patients,SZ,114.0,37.0,37.8,20-50,20.0,50.0,36.0,9057100,,12793,13992
20.0,,healthy,n/a,7.0,13.0,25.53,n/a,,,25.0,2561002,,39930,43391
10.0,,healthy,right-handed,4.0,6.0,25.82,n/a,,,25.0,2561002,,39930,43391
10.0,,healthy,left-handed,3.0,7.0,25.23,n/a,,,25.0,2561002,,39930,43391
5.0,patients,patients,fMRI,3.0,2.0,45.0,30-60,30.0,60.0,45.0,6699415,,34985,36467
10.0,healthy,patients,MRI,5.0,5.0,30.0,20-40,20.0,40.0,30.0,8933759,,9208,10406
15.0,depression,patients,MRI,7.0,8.0,35.0,25-45,25.0,45.0,35.0,8933759,,9208,10406
20.0,schizophrenia,patients,MRI,10.0,10.0,40.0,30-50,30.0,50.0,40.0,8933759,,9208,10406
5.0,Tourette Syndrome,patients,participants,3.0,2.0,27.0,27,27.0,27.0,27.0,5857897,,6603,7746
35.0,DD and TD,patients,children,23.0,12.0,9.5,8-11,8.0,11.0,10.0,5758587,,11527,14377
25.0,DD and TD,patients,children,15.0,10.0,9.2,8-11,8.0,11.0,10.0,5758587,,11527,14377
17.0,DD,patients,children,11.0,6.0,9.3,8-11,8.0,11.0,10.0,5758587,,11527,14377
11.0,TD,patients,children,6.0,5.0,9.7,8-11,8.0,11.0,10.0,5758587,,11527,14377
75.0,chronic dieters,patients,females,0.0,75.0,19.38,18-23,18.0,23.0,19.0,5460048,,11781,14592
63.0,healthy,patients,GnRHa,33.0,30.0,24.3,23-35,23.0,35.0,24.0,5068584,,5351,8476
63.0,healthy,patients,saline,37.0,26.0,25.0,22-36,22.0,36.0,25.0,5068584,,5351,8476
63.0,healthy,patients,GnRHa,33.0,30.0,24.3,23-35,23.0,35.0,24.0,5068584,,5351,8476
63.0,healthy,patients,saline,37.0,26.0,25.0,22-36,22.0,36.0,25.0,5068584,,5351,8476
173.0,TSC,patients,all,87.0,86.0,32.5,20-40,20.0,40.0,30.0,9308181,,5201,8942
157.0,TSC,patients,AML,78.0,79.0,31.2,21-41,21.0,41.0,29.0,9308181,,5201,8942
155.0,TSC,patients,CTG,77.0,78.0,30.8,20-40,20.0,40.0,28.0,9308181,,5201,8942
44.0,TSC,patients,pathological,22.0,22.0,31.5,21-41,21.0,41.0,30.0,9308181,,5201,8942
6.0,PCH,patients,PCH,3.0,3.0,10.0,5-15,5.0,15.0,10.0,9461104,,8676,10310
1.0,autism,patients,8-year-old girl,0.0,1.0,8.0,8-year-old,8.0,8.0,8.0,9407088,,31900,35502
10.0,,healthy,control,5.0,5.0,25.0,20-30,20.0,30.0,25.0,6016936,,11128,11174
15.0,depression,patients,depression,7.0,8.0,30.0,25-35,25.0,35.0,30.0,6016936,,11128,11174
20.0,anxiety,patients,anxiety,10.0,10.0,28.0,22-32,22.0,32.0,28.0,6016936,,11128,11174
10.0,,healthy,control,5.0,5.0,30.0,20-40,20.0,40.0,30.0,3775427,,31249,31467
15.0,depression,patients,depression,7.0,8.0,40.0,30-50,30.0,50.0,40.0,3775427,,31249,31467
595.0,healthy,patients,full-coverage,227.0,368.0,39.47,"883, 63.36%",883.0,63.0,39.0,8615904,,7046,10033
595.0,healthy,patients,full-coverage,227.0,368.0,39.47,"883, 63.36%",883.0,63.0,39.0,8615904,,7046,10033
595.0,healthy,patients,full-coverage,227.0,368.0,39.47,"883, 63.36%",883.0,63.0,39.0,8615904,,7046,10033
228.0,,healthy,behavioral measures,114.0,114.0,28.5,20-35,20.0,35.0,29.0,6492297,,27161,31007
228.0,,healthy,behavioral measures,114.0,114.0,28.5,20-35,20.0,35.0,29.0,6492297,,27161,31007
228.0,,healthy,behavioral measures,114.0,114.0,28.5,20-35,20.0,35.0,29.0,6492297,,27161,31007
